time_period,rainfall,mean_temperature,location,sample_0
2023-07,20,20,loc1,325.0
2023-08,30,20,loc1,449.9999999999999
2023-09,30,30,loc1,449.9999999999999
2023-07,20,20,loc2,2487.80487804878
2023-08,30,20,loc2,2975.6097560975604
2023-09,30,30,loc2,2365.8536585365855
